{
  "dedup_guard": {
    "n_fragments": 22726,
    "n_exact_dup_groups": 98,
    "n_fragments_in_dup_groups": 552
  },
  "scorers": {
    "bm25_sign": {
      "task_a_recall@1": 0.7831021437578815,
      "task_b_pooled_test_only_recall@1": 0.7919799498746867,
      "task_b_tier_A_test_only_recall@1": 0.058823529411764705
    },
    "bm25_lemma": {
      "task_a_recall@1": 0.8184110970996217,
      "task_b_pooled_test_only_recall@1": 0.8258145363408521,
      "task_b_tier_A_test_only_recall@1": 0.058823529411764705
    },
    "tfidf_cosine_sign": {
      "task_a_recall@1": 0.648171500630517,
      "task_b_pooled_test_only_recall@1": 0.6666666666666666,
      "task_b_tier_A_test_only_recall@1": 0.029411764705882353
    }
  }
}