{
  "bm25_dev_duplicates": {
    "n": 872,
    "recall@1": {
      "mean": 0.5768348623853211,
      "ci": [
        0.5424311926605505,
        0.606651376146789
      ]
    },
    "recall@5": {
      "mean": 0.8394495412844036,
      "ci": [
        0.8153383027522936,
        0.8623853211009175
      ]
    },
    "recall@10": {
      "mean": 0.8876146788990825,
      "ci": [
        0.8658256880733946,
        0.908256880733945
      ]
    },
    "recall@100": {
      "mean": 0.9782110091743119,
      "ci": [
        0.9678899082568807,
        0.9873853211009175
      ]
    },
    "mrr": {
      "mean": 0.6931248121778678,
      "ci": [
        0.6684330469296111,
        0.7169520697455486
      ]
    }
  },
  "bm25_dev_real_joins": {
    "n": 182,
    "recall@1": {
      "mean": 0.7087912087912088,
      "ci": [
        0.6428571428571429,
        0.7747252747252747
      ]
    },
    "recall@5": {
      "mean": 0.8131868131868132,
      "ci": [
        0.7582417582417582,
        0.8681318681318682
      ]
    },
    "recall@10": {
      "mean": 0.8351648351648352,
      "ci": [
        0.7802197802197802,
        0.8901098901098901
      ]
    },
    "recall@100": {
      "mean": 0.9120879120879121,
      "ci": [
        0.8681318681318682,
        0.9505494505494505
      ]
    },
    "mrr": {
      "mean": 0.760436776946982,
      "ci": [
        0.7062252626541553,
        0.817572557167939
      ]
    }
  },
  "bm25_dev_synthetic_joins": {
    "n": 300,
    "recall@1": {
      "mean": 0.05333333333333334,
      "ci": [
        0.03,
        0.07666666666666666
      ]
    },
    "recall@5": {
      "mean": 0.19666666666666666,
      "ci": [
        0.15333333333333332,
        0.24333333333333335
      ]
    },
    "recall@10": {
      "mean": 0.24666666666666667,
      "ci": [
        0.19666666666666666,
        0.2966666666666667
      ]
    },
    "recall@100": {
      "mean": 0.52,
      "ci": [
        0.46325,
        0.5767499999999999
      ]
    },
    "mrr": {
      "mean": 0.12122804096332437,
      "ci": [
        0.09275447894753953,
        0.14905630219433338
      ]
    }
  },
  "best_combo": {
    "mix": "real_only",
    "pooling": "line_max",
    "recall_at_10": 0.5714285714285714
  },
  "bm25_real_joins_recall_at_10": 0.8351648351648352,
  "delta": -0.2637362637362638
}