{
  "index_variant_of_original_report": "test_only (dev-side-only candidates, n=883) -- matches biencoder_report.md's 0.835/0.571 numbers",
  "test_only": {
    "n_candidates": 883,
    "bm25": {
      "recall@1": {
        "mean": 0.7087912087912088,
        "ci_wilson": [
          0.6390128006930857,
          0.7699376172972889
        ],
        "hits": 129,
        "n": 182
      },
      "recall@10": {
        "mean": 0.8351648351648352,
        "ci_wilson": [
          0.7744432514774509,
          0.8820297879281505
        ],
        "hits": 152,
        "n": 182
      },
      "recall@100": {
        "mean": 0.9120879120879121,
        "ci_wilson": [
          0.8619754152799086,
          0.9451635675958308
        ],
        "hits": 166,
        "n": 182
      }
    },
    "dense_mean_pool": {
      "recall@1": {
        "mean": 0.3021978021978022,
        "ci_wilson": [
          0.24013697613980275,
          0.3724363120798423
        ],
        "hits": 55,
        "n": 182
      },
      "recall@10": {
        "mean": 0.521978021978022,
        "ci_wilson": [
          0.44970404802433445,
          0.593343364395705
        ],
        "hits": 95,
        "n": 182
      },
      "recall@100": {
        "mean": 0.7912087912087912,
        "ci_wilson": [
          0.7264430982605574,
          0.8439351163049651
        ],
        "hits": 144,
        "n": 182
      }
    },
    "dense_line_max": {
      "recall@1": {
        "mean": 0.3626373626373626,
        "ci_wilson": [
          0.2962968759711727,
          0.4346567964035808
        ],
        "hits": 66,
        "n": 182
      },
      "recall@10": {
        "mean": 0.5714285714285714,
        "ci_wilson": [
          0.4987863523920643,
          0.6411177379730638
        ],
        "hits": 104,
        "n": 182
      },
      "recall@100": {
        "mean": 0.8296703296703297,
        "ci_wilson": [
          0.7683793041826431,
          0.8773318821179484
        ],
        "hits": 151,
        "n": 182
      }
    }
  },
  "full_distractor": {
    "n_candidates": 21896,
    "bm25": {
      "recall@1": {
        "mean": 0.6758241758241759,
        "ci_wilson": [
          0.604795183456781,
          0.7395841159035347
        ],
        "hits": 123,
        "n": 182
      },
      "recall@10": {
        "mean": 0.8076923076923077,
        "ci_wilson": [
          0.7443122037240222,
          0.8583515701565299
        ],
        "hits": 147,
        "n": 182
      },
      "recall@100": {
        "mean": 0.8846153846153846,
        "ci_wilson": [
          0.8300477144961265,
          0.9232820028545636
        ],
        "hits": 161,
        "n": 182
      }
    },
    "dense_mean_pool": {
      "recall@1": {
        "mean": 0.18681318681318682,
        "ci_wilson": [
          0.1368763435750513,
          0.24969802943938685
        ],
        "hits": 34,
        "n": 182
      },
      "recall@10": {
        "mean": 0.32967032967032966,
        "ci_wilson": [
          0.26551175889196177,
          0.4008707948527326
        ],
        "hits": 60,
        "n": 182
      },
      "recall@100": {
        "mean": 0.4945054945054945,
        "ci_wilson": [
          0.42273562124129593,
          0.5665025256536943
        ],
        "hits": 90,
        "n": 182
      }
    },
    "dense_line_max": {
      "recall@1": {
        "mean": 0.23626373626373626,
        "ci_wilson": [
          0.1803988935747976,
          0.3030321573847292
        ],
        "hits": 43,
        "n": 182
      },
      "recall@10": {
        "mean": 0.3956043956043956,
        "ci_wilson": [
          0.32742596738050733,
          0.4680988236243053
        ],
        "hits": 72,
        "n": 182
      },
      "recall@100": {
        "mean": 0.5494505494505495,
        "ci_wilson": [
          0.47688577887370803,
          0.6199708990713808
        ],
        "hits": 100,
        "n": 182
      }
    }
  }
}