{
  "test_only": {
    "recall@10": 0.8351648351648352,
    "recall@20": 0.8736263736263736,
    "recall@50": 0.9010989010989011,
    "recall@100": 0.9120879120879121,
    "recall@200": 0.9340659340659341
  },
  "full_distractor": {
    "recall@10": 0.8076923076923077,
    "recall@20": 0.8186813186813187,
    "recall@50": 0.8461538461538461,
    "recall@100": 0.8846153846153846,
    "recall@200": 0.8956043956043956
  }
}