{
  "bm25_alone": {
    "all_joins": {
      "recall@1": {
        "mean": 0.6758241758241759,
        "ci_wilson": [
          0.604795183456781,
          0.7395841159035347
        ],
        "hits": 123,
        "n": 182
      },
      "recall@10": {
        "mean": 0.8076923076923077,
        "ci_wilson": [
          0.7443122037240222,
          0.8583515701565299
        ],
        "hits": 147,
        "n": 182
      }
    },
    "hard_set": {
      "recall@1": {
        "mean": 0.30434782608695654,
        "ci_wilson": [
          0.19079670807448904,
          0.4480591874023817
        ],
        "hits": 14,
        "n": 46
      },
      "recall@10": {
        "mean": 0.5217391304347826,
        "ci_wilson": [
          0.38137172148151327,
          0.6587554012432788
        ],
        "hits": 24,
        "n": 46
      }
    },
    "duplicates": {
      "recall@1": {
        "mean": 0.37270642201834864,
        "ci_wilson": [
          0.3412368781283381,
          0.40529263131720544
        ],
        "hits": 325,
        "n": 872
      },
      "recall@10": {
        "mean": 0.6834862385321101,
        "ci_wilson": [
          0.6518671103567274,
          0.7134957589109575
        ],
        "hits": 596,
        "n": 872
      }
    },
    "tier_A": {
      "recall@1": {
        "mean": 0.14814814814814814,
        "ci_wilson": [
          0.059158318596448906,
          0.32479063346829484
        ],
        "hits": 4,
        "n": 27
      },
      "recall@10": {
        "mean": 0.2962962962962963,
        "ci_wilson": [
          0.15852853317647564,
          0.4848103338083759
        ],
        "hits": 8,
        "n": 27
      }
    },
    "tier_B": {
      "recall@1": {
        "mean": 0.47058823529411764,
        "ci_wilson": [
          0.26164801196088106,
          0.6903710268845051
        ],
        "hits": 8,
        "n": 17
      },
      "recall@10": {
        "mean": 0.6470588235294118,
        "ci_wilson": [
          0.4129996672121182,
          0.826905138560951
        ],
        "hits": 11,
        "n": 17
      }
    },
    "tier_C": {
      "recall@1": {
        "mean": 0.8688524590163934,
        "ci_wilson": [
          0.761978875735935,
          0.932020038541319
        ],
        "hits": 53,
        "n": 61
      },
      "recall@10": {
        "mean": 0.9508196721311475,
        "ci_wilson": [
          0.8650865720629857,
          0.9831343231647693
        ],
        "hits": 58,
        "n": 61
      }
    }
  },
  "plus_d17": {
    "all_joins": {
      "recall@1": {
        "mean": 0.6813186813186813,
        "ci_wilson": [
          0.6104714802542457,
          0.7446696722110797
        ],
        "hits": 124,
        "n": 182
      },
      "recall@10": {
        "mean": 0.8076923076923077,
        "ci_wilson": [
          0.7443122037240222,
          0.8583515701565299
        ],
        "hits": 147,
        "n": 182
      }
    },
    "hard_set": {
      "recall@1": {
        "mean": 0.32608695652173914,
        "ci_wilson": [
          0.20865764564493358,
          0.47032537255672924
        ],
        "hits": 15,
        "n": 46
      },
      "recall@10": {
        "mean": 0.5217391304347826,
        "ci_wilson": [
          0.38137172148151327,
          0.6587554012432788
        ],
        "hits": 24,
        "n": 46
      }
    },
    "duplicates": {
      "recall@1": {
        "mean": 0.37155963302752293,
        "ci_wilson": [
          0.3401151190174548,
          0.4041308724951657
        ],
        "hits": 324,
        "n": 872
      },
      "recall@10": {
        "mean": 0.6823394495412844,
        "ci_wilson": [
          0.6506956386145897,
          0.7123837127201722
        ],
        "hits": 595,
        "n": 872
      }
    },
    "tier_A": {
      "recall@1": {
        "mean": 0.18518518518518517,
        "ci_wilson": [
          0.0818058657428532,
          0.36699056505191746
        ],
        "hits": 5,
        "n": 27
      },
      "recall@10": {
        "mean": 0.2962962962962963,
        "ci_wilson": [
          0.15852853317647564,
          0.4848103338083759
        ],
        "hits": 8,
        "n": 27
      }
    },
    "tier_B": {
      "recall@1": {
        "mean": 0.47058823529411764,
        "ci_wilson": [
          0.26164801196088106,
          0.6903710268845051
        ],
        "hits": 8,
        "n": 17
      },
      "recall@10": {
        "mean": 0.6470588235294118,
        "ci_wilson": [
          0.4129996672121182,
          0.826905138560951
        ],
        "hits": 11,
        "n": 17
      }
    },
    "tier_C": {
      "recall@1": {
        "mean": 0.8688524590163934,
        "ci_wilson": [
          0.761978875735935,
          0.932020038541319
        ],
        "hits": 53,
        "n": 61
      },
      "recall@10": {
        "mean": 0.9508196721311475,
        "ci_wilson": [
          0.8650865720629857,
          0.9831343231647693
        ],
        "hits": 58,
        "n": 61
      }
    }
  },
  "plus_d18": {
    "all_joins": {
      "recall@1": {
        "mean": 0.6703296703296703,
        "ci_wilson": [
          0.5991292051472673,
          0.7344882411080381
        ],
        "hits": 122,
        "n": 182
      },
      "recall@10": {
        "mean": 0.8076923076923077,
        "ci_wilson": [
          0.7443122037240222,
          0.8583515701565299
        ],
        "hits": 147,
        "n": 182
      }
    },
    "hard_set": {
      "recall@1": {
        "mean": 0.2826086956521739,
        "ci_wilson": [
          0.1732404154491407,
          0.42548835730293777
        ],
        "hits": 13,
        "n": 46
      },
      "recall@10": {
        "mean": 0.5217391304347826,
        "ci_wilson": [
          0.38137172148151327,
          0.6587554012432788
        ],
        "hits": 24,
        "n": 46
      }
    },
    "duplicates": {
      "recall@1": {
        "mean": 0.3658256880733945,
        "ci_wilson": [
          0.33450921147133794,
          0.3983191903766674
        ],
        "hits": 319,
        "n": 872
      },
      "recall@10": {
        "mean": 0.6788990825688074,
        "ci_wilson": [
          0.6471825086223035,
          0.7090462889136893
        ],
        "hits": 592,
        "n": 872
      }
    },
    "tier_A": {
      "recall@1": {
        "mean": 0.14814814814814814,
        "ci_wilson": [
          0.059158318596448906,
          0.32479063346829484
        ],
        "hits": 4,
        "n": 27
      },
      "recall@10": {
        "mean": 0.2962962962962963,
        "ci_wilson": [
          0.15852853317647564,
          0.4848103338083759
        ],
        "hits": 8,
        "n": 27
      }
    },
    "tier_B": {
      "recall@1": {
        "mean": 0.47058823529411764,
        "ci_wilson": [
          0.26164801196088106,
          0.6903710268845051
        ],
        "hits": 8,
        "n": 17
      },
      "recall@10": {
        "mean": 0.6470588235294118,
        "ci_wilson": [
          0.4129996672121182,
          0.826905138560951
        ],
        "hits": 11,
        "n": 17
      }
    },
    "tier_C": {
      "recall@1": {
        "mean": 0.8524590163934426,
        "ci_wilson": [
          0.7427653049810489,
          0.920389213106105
        ],
        "hits": 52,
        "n": 61
      },
      "recall@10": {
        "mean": 0.9508196721311475,
        "ci_wilson": [
          0.8650865720629857,
          0.9831343231647693
        ],
        "hits": 58,
        "n": 61
      }
    }
  },
  "full_cascade": {
    "all_joins": {
      "recall@1": {
        "mean": 0.1978021978021978,
        "ci_wilson": [
          0.14643755613925674,
          0.2616605230852011
        ],
        "hits": 36,
        "n": 182
      },
      "recall@10": {
        "mean": 0.29120879120879123,
        "ci_wilson": [
          0.23006238270271118,
          0.36098719930691425
        ],
        "hits": 53,
        "n": 182
      }
    },