{
  "bm25_alone": {
    "all_joins": {
      "recall@1": {
        "mean": 0.6648351648351648,
        "ci_wilson": [
          0.5934734154750959,
          0.7293821776751997
        ],
        "hits": 121,
        "n": 182
      },
      "recall@10": {
        "mean": 0.8021978021978022,
        "ci_wilson": [
          0.738339476914799,
          0.8535624438607433
        ],
        "hits": 146,
        "n": 182
      }
    },
    "hard_set": {
      "recall@1": {
        "mean": 0.32608695652173914,
        "ci_wilson": [
          0.20865764564493358,
          0.47032537255672924
        ],
        "hits": 15,
        "n": 46
      },
      "recall@10": {
        "mean": 0.5,
        "ci_wilson": [
          0.3611870167007236,
          0.6388129832992764
        ],
        "hits": 23,
        "n": 46
      }
    },
    "duplicates": {
      "recall@1": {
        "mean": 0.39105504587155965,
        "ci_wilson": [
          0.3592108614970745,
          0.4238549348752375
        ],
        "hits": 341,
        "n": 872
      },
      "recall@10": {
        "mean": 0.6961009174311926,
        "ci_wilson": [
          0.6647676468485034,
          0.7257139196813348
        ],
        "hits": 607,
        "n": 872
      }
    },
    "tier_A": {
      "recall@1": {
        "mean": 0.1111111111111111,
        "ci_wilson": [
          0.03851964789498727,
          0.2805818254397294
        ],
        "hits": 3,
        "n": 27
      },
      "recall@10": {
        "mean": 0.25925925925925924,
        "ci_wilson": [
          0.13170208422866778,
          0.4467893040261568
        ],
        "hits": 7,
        "n": 27
      }
    },
    "tier_B": {
      "recall@1": {
        "mean": 0.4117647058823529,
        "ci_wilson": [
          0.21610786039131383,
          0.6399492561448447
        ],
        "hits": 7,
        "n": 17
      },
      "recall@10": {
        "mean": 0.6470588235294118,
        "ci_wilson": [
          0.4129996672121182,
          0.826905138560951
        ],
        "hits": 11,
        "n": 17
      }
    },
    "tier_C": {
      "recall@1": {
        "mean": 0.8524590163934426,
        "ci_wilson": [
          0.7427653049810489,
          0.920389213106105
        ],
        "hits": 52,
        "n": 61
      },
      "recall@10": {
        "mean": 0.9508196721311475,
        "ci_wilson": [
          0.8650865720629857,
          0.9831343231647693
        ],
        "hits": 58,
        "n": 61
      }
    }
  },
  "plus_d17": {
    "all_joins": {
      "recall@1": {
        "mean": 0.6648351648351648,
        "ci_wilson": [
          0.5934734154750959,
          0.7293821776751997
        ],
        "hits": 121,
        "n": 182
      },
      "recall@10": {
        "mean": 0.8021978021978022,
        "ci_wilson": [
          0.738339476914799,
          0.8535624438607433
        ],
        "hits": 146,
        "n": 182
      }
    },
    "hard_set": {
      "recall@1": {
        "mean": 0.32608695652173914,
        "ci_wilson": [
          0.20865764564493358,
          0.47032537255672924
        ],
        "hits": 15,
        "n": 46
      },
      "recall@10": {
        "mean": 0.5,
        "ci_wilson": [
          0.3611870167007236,
          0.6388129832992764
        ],
        "hits": 23,
        "n": 46
      }
    },
    "duplicates": {
      "recall@1": {
        "mean": 0.38990825688073394,
        "ci_wilson": [
          0.35808607571062145,
          0.4226962027287675
        ],
        "hits": 340,
        "n": 872
      },
      "recall@10": {
        "mean": 0.694954128440367,
        "ci_wilson": [
          0.663593771770877,
          0.7246042768260382
        ],
        "hits": 606,
        "n": 872
      }
    },
    "tier_A": {
      "recall@1": {
        "mean": 0.1111111111111111,
        "ci_wilson": [
          0.03851964789498727,
          0.2805818254397294
        ],
        "hits": 3,
        "n": 27
      },
      "recall@10": {
        "mean": 0.25925925925925924,
        "ci_wilson": [
          0.13170208422866778,
          0.4467893040261568
        ],
        "hits": 7,
        "n": 27
      }
    },
    "tier_B": {
      "recall@1": {
        "mean": 0.4117647058823529,
        "ci_wilson": [
          0.21610786039131383,
          0.6399492561448447
        ],
        "hits": 7,
        "n": 17
      },
      "recall@10": {
        "mean": 0.6470588235294118,
        "ci_wilson": [
          0.4129996672121182,
          0.826905138560951
        ],
        "hits": 11,
        "n": 17
      }
    },
    "tier_C": {
      "recall@1": {
        "mean": 0.8524590163934426,
        "ci_wilson": [
          0.7427653049810489,
          0.920389213106105
        ],
        "hits": 52,
        "n": 61
      },
      "recall@10": {
        "mean": 0.9508196721311475,
        "ci_wilson": [
          0.8650865720629857,
          0.9831343231647693
        ],
        "hits": 58,
        "n": 61
      }
    }
  },
  "plus_d18": {
    "all_joins": {
      "recall@1": {
        "mean": 0.6648351648351648,
        "ci_wilson": [
          0.5934734154750959,
          0.7293821776751997
        ],
        "hits": 121,
        "n": 182
      },
      "recall@10": {
        "mean": 0.8021978021978022,
        "ci_wilson": [
          0.738339476914799,
          0.8535624438607433
        ],
        "hits": 146,
        "n": 182
      }
    },
    "hard_set": {
      "recall@1": {
        "mean": 0.32608695652173914,
        "ci_wilson": [
          0.20865764564493358,
          0.47032537255672924
        ],
        "hits": 15,
        "n": 46
      },
      "recall@10": {
        "mean": 0.5,
        "ci_wilson": [
          0.3611870167007236,
          0.6388129832992764
        ],
        "hits": 23,
        "n": 46
      }
    },
    "duplicates": {
      "recall@1": {
        "mean": 0.39105504587155965,
        "ci_wilson": [
          0.3592108614970745,
          0.4238549348752375
        ],
        "hits": 341,
        "n": 872
      },
      "recall@10": {
        "mean": 0.6961009174311926,
        "ci_wilson": [
          0.6647676468485034,
          0.7257139196813348
        ],
        "hits": 607,
        "n": 872
      }
    },
    "tier_A": {
      "recall@1": {
        "mean": 0.1111111111111111,
        "ci_wilson": [
          0.03851964789498727,
          0.2805818254397294
        ],
        "hits": 3,
        "n": 27
      },
      "recall@10": {
        "mean": 0.25925925925925924,
        "ci_wilson": [
          0.13170208422866778,
          0.4467893040261568
        ],
        "hits": 7,
        "n": 27
      }
    },
    "tier_B": {
      "recall@1": {
        "mean": 0.4117647058823529,
        "ci_wilson": [
          0.21610786039131383,
          0.6399492561448447
        ],
        "hits": 7,
        "n": 17
      },
      "recall@10": {
        "mean": 0.6470588235294118,
        "ci_wilson": [
          0.4129996672121182,
          0.826905138560951
        ],
        "hits": 11,
        "n": 17
      }
    },
    "tier_C": {
      "recall@1": {
        "mean": 0.8524590163934426,
        "ci_wilson": [
          0.7427653049810489,
          0.920389213106105
        ],
        "hits": 52,
        "n": 61
      },
      "recall@10": {
        "mean": 0.9508196721311475,
        "ci_wilson": [
          0.8650865720629857,
          0.9831343231647693
        ],
        "hits": 58,
        "n": 61
      }
    }
  },
  "full_cascade": {
    "all_joins": {
      "recall@1": {
        "mean": 0.25824175824175827,
        "ci_wilson": [
          0.20011525678435235,
          0.3263632065952139
        ],
        "hits": 47,
        "n": 182
      },
      "recall@10": {
        "mean": 0.510989010989011,
        "ci_wilson": [
          0.43889115517291455,
          0.582632551037105
        ],
        "hits": 93,
        "n": 182
      }
    },
    "hard_set": {
      "recall@1": {
        "mean": 0.06521739130434782,