{
  "all": {
    "test_only": {
      "recall@10": 0.8351648351648352,
      "recall@20": 0.8736263736263736,
      "recall@50": 0.9010989010989011,
      "recall@100": 0.9120879120879121,
      "recall@200": 0.9340659340659341
    },
    "full_distractor": {
      "recall@10": 0.8076923076923077,
      "recall@20": 0.8186813186813187,
      "recall@50": 0.8461538461538461,
      "recall@100": 0.8846153846153846,
      "recall@200": 0.8956043956043956
    }
  },
  "hard_set": {
    "test_only": {
      "recall@10": 0.5869565217391305,
      "recall@20": 0.6739130434782609,
      "recall@50": 0.717391304347826,
      "recall@100": 0.717391304347826,
      "recall@200": 0.7608695652173914
    },
    "full_distractor": {
      "recall@10": 0.5217391304347826,
      "recall@20": 0.5434782608695652,
      "recall@50": 0.5869565217391305,
      "recall@100": 0.6739130434782609,
      "recall@200": 0.6956521739130435
    }
  },
  "tier_A": {
    "test_only": {
      "recall@10": 0.4074074074074074,
      "recall@20": 0.5185185185185185,
      "recall@50": 0.5925925925925926,
      "recall@100": 0.5925925925925926,
      "recall@200": 0.6666666666666666
    },
    "full_distractor": {
      "recall@10": 0.2962962962962963,
      "recall@20": 0.2962962962962963,
      "recall@50": 0.4074074074074074,
      "recall@100": 0.48148148148148145,
      "recall@200": 0.5185185185185185
    }
  },
  "tier_B": {
    "test_only": {
      "recall@10": 0.6470588235294118,
      "recall@20": 0.7058823529411765,
      "recall@50": 0.7647058823529411,
      "recall@100": 0.7647058823529411,
      "recall@200": 0.8823529411764706
    },
    "full_distractor": {
      "recall@10": 0.6470588235294118,
      "recall@20": 0.6470588235294118,
      "recall@50": 0.7058823529411765,
      "recall@100": 0.7647058823529411,
      "recall@200": 0.7647058823529411
    }
  },
  "tier_C": {
    "test_only": {
      "recall@10": 0.9344262295081968,
      "recall@20": 0.9672131147540983,
      "recall@50": 0.9836065573770492,
      "recall@100": 1.0,
      "recall@200": 1.0
    },
    "full_distractor": {
      "recall@10": 0.9508196721311475,
      "recall@20": 0.9508196721311475,
      "recall@50": 0.9508196721311475,
      "recall@100": 0.9836065573770492,
      "recall@200": 0.9836065573770492
    }
  },
  "tier_mixed": {
    "test_only": {
      "recall@10": 0.948051948051948,
      "recall@20": 0.961038961038961,
      "recall@50": 0.974025974025974,
      "recall@100": 0.987012987012987,
      "recall@200": 0.987012987012987
    },
    "full_distractor": {
      "recall@10": 0.9090909090909091,
      "recall@20": 0.935064935064935,
      "recall@50": 0.948051948051948,
      "recall@100": 0.974025974025974,
      "recall@200": 0.987012987012987
    }
  }
}