{
  "all": {
    "n": 182,
    "ceiling_at_200": 0.8956043956043956,
    "hits": 163
  },
  "hard_set": {
    "n": 46,
    "ceiling_at_200": 0.6956521739130435,
    "hits": 32
  },
  "tier_A": {
    "n": 27,
    "ceiling_at_200": 0.5185185185185185,
    "hits": 14
  },
  "tier_B": {
    "n": 17,
    "ceiling_at_200": 0.7647058823529411,
    "hits": 13
  },
  "tier_C": {
    "n": 61,
    "ceiling_at_200": 0.9836065573770492,
    "hits": 60
  },
  "tier_mixed": {
    "n": 77,
    "ceiling_at_200": 0.987012987012987,
    "hits": 76
  }
}