{
  "N=3": {
    "n_queries": 182,
    "whole_only_ceiling_at200": 0.8956043956043956,
    "union_ceiling_at200": 0.9175824175824175,
    "delta": 0.02197802197802198
  },
  "N=5": {
    "n_queries": 182,
    "whole_only_ceiling_at200": 0.8956043956043956,
    "union_ceiling_at200": 0.9175824175824175,
    "delta": 0.02197802197802198
  }
}