{
  "1": {
    "n": 206551,
    "mean_lift": 1.303834723333933,
    "median_lift": 1.2585790157318115
  },
  "3": {
    "n": 204979,
    "mean_lift": -0.012040722542662937,
    "median_lift": 0.04015072186787938
  },
  "5": {
    "n": 203792,
    "mean_lift": -0.10992009786915195,
    "median_lift": -0.05772750638425328
  }
}