{
  "G1_primary": {
    "pass": false,
    "bm25_recall@1": 0.6648351648351648,
    "cascade_recall@1": 0.25824175824175827,
    "bm25_recall@10": 0.8021978021978022,
    "cascade_recall@10": 0.510989010989011
  },
  "G2_hard_set": {
    "pass": false,
    "bm25_recall@10": 0.5,
    "cascade_recall@10": 0.2608695652173913,
    "n_hard": 46
  },
  "G3_per_tier": {
    "all_joins": {
      "recall@1": {
        "mean": 0.25824175824175827,
        "ci_wilson": [
          0.20011525678435235,
          0.3263632065952139
        ],
        "hits": 47,
        "n": 182
      },
      "recall@10": {
        "mean": 0.510989010989011,
        "ci_wilson": [
          0.43889115517291455,
          0.582632551037105
        ],
        "hits": 93,
        "n": 182
      }
    },
    "hard_set": {
      "recall@1": {
        "mean": 0.06521739130434782,
        "ci_wilson": [
          0.022427454466343574,
          0.17503009103781358
        ],
        "hits": 3,
        "n": 46
      },
      "recall@10": {
        "mean": 0.2608695652173913,
        "ci_wilson": [
          0.15600735194449333,
          0.402594298082793
        ],
        "hits": 12,
        "n": 46
      }
    },
    "duplicates": {
      "recall@1": {
        "mean": 0.1158256880733945,
        "ci_wilson": [
          0.09624978030114739,
          0.13877171216963727
        ],
        "hits": 101,
        "n": 872
      },
      "recall@10": {
        "mean": 0.4598623853211009,
        "ci_wilson": [
          0.42703070913909064,
          0.4930461632086031
        ],
        "hits": 401,
        "n": 872
      }
    },
    "tier_A": {
      "recall@1": {
        "mean": 0.0,
        "ci_wilson": [
          0.0,
          0.12455903714463581
        ],
        "hits": 0,
        "n": 27
      },
      "recall@10": {
        "mean": 0.037037037037037035,
        "ci_wilson": [
          0.006567976533097583,
          0.1828385393415652
        ],
        "hits": 1,
        "n": 27
      }
    },
    "tier_B": {
      "recall@1": {
        "mean": 0.17647058823529413,
        "ci_wilson": [
          0.0619101371254899,
          0.41029929017375777
        ],
        "hits": 3,
        "n": 17
      },
      "recall@10": {
        "mean": 0.29411764705882354,
        "ci_wilson": [
          0.132797938655564,
          0.5313353332621391
        ],
        "hits": 5,
        "n": 17
      }
    },
    "tier_C": {
      "recall@1": {
        "mean": 0.2786885245901639,
        "ci_wilson": [
          0.18188396512091543,
          0.40171668631273205
        ],
        "hits": 17,
        "n": 61
      },
      "recall@10": {
        "mean": 0.6065573770491803,
        "ci_wilson": [
          0.4811702438560874,
          0.7193183313795637
        ],
        "hits": 37,
        "n": 61
      }
    }
  },
  "G4_no_regression": {
    "pass": false,
    "bm25_recall@1": 0.39105504587155965,
    "cascade_recall@1": 0.1158256880733945
  }
}