{
  "A1_verification_gate": {
    "pass": false,
    "bm25_recall@1": 0.6758241758241759,
    "bm25_recall@10": 0.8076923076923077,
    "target_recall@1": 0.676,
    "target_recall@10": 0.808,
    "n_universe": 21920
  },
  "G1_primary": {
    "pass": false,
    "bm25_recall@1": 0.6758241758241759,
    "cascade_recall@1": 0.1978021978021978,
    "bm25_recall@10": 0.8076923076923077,
    "cascade_recall@10": 0.29120879120879123
  },
  "G2_hard_set": {
    "pass": false,
    "bm25_recall@10": 0.5217391304347826,
    "cascade_recall@10": 0.2608695652173913,
    "n_hard": 46
  },
  "G3_per_tier": {
    "all_joins": {
      "recall@1": {
        "mean": 0.1978021978021978,
        "ci_wilson": [
          0.14643755613925674,
          0.2616605230852011
        ],
        "hits": 36,
        "n": 182
      },
      "recall@10": {
        "mean": 0.29120879120879123,
        "ci_wilson": [
          0.23006238270271118,
          0.36098719930691425
        ],
        "hits": 53,
        "n": 182
      }
    },
    "hard_set": {
      "recall@1": {
        "mean": 0.21739130434782608,
        "ci_wilson": [
          0.12260774618580751,
          0.35573965839189464
        ],
        "hits": 10,
        "n": 46
      },
      "recall@10": {
        "mean": 0.2608695652173913,
        "ci_wilson": [
          0.15600735194449333,
          0.402594298082793
        ],
        "hits": 12,
        "n": 46
      }
    },
    "duplicates": {
      "recall@1": {
        "mean": 0.12155963302752294,
        "ci_wilson": [
          0.10151414085884998,
          0.14492494127654987
        ],
        "hits": 106,
        "n": 872
      },
      "recall@10": {
        "mean": 0.41284403669724773,
        "ci_wilson": [
          0.3806169133447865,
          0.4458357237530631
        ],
        "hits": 360,
        "n": 872
      }
    },
    "tier_A": {
      "recall@1": {
        "mean": 0.0,
        "ci_wilson": [
          0.0,
          0.12455903714463581
        ],
        "hits": 0,
        "n": 27
      },
      "recall@10": {
        "mean": 0.0,
        "ci_wilson": [
          0.0,
          0.12455903714463581
        ],
        "hits": 0,
        "n": 27
      }
    },
    "tier_B": {
      "recall@1": {
        "mean": 0.29411764705882354,
        "ci_wilson": [
          0.132797938655564,
          0.5313353332621391
        ],
        "hits": 5,
        "n": 17
      },
      "recall@10": {
        "mean": 0.29411764705882354,
        "ci_wilson": [
          0.132797938655564,
          0.5313353332621391
        ],
        "hits": 5,
        "n": 17
      }
    },
    "tier_C": {
      "recall@1": {
        "mean": 0.2786885245901639,
        "ci_wilson": [
          0.18188396512091543,
          0.40171668631273205
        ],
        "hits": 17,
        "n": 61
      },
      "recall@10": {
        "mean": 0.36065573770491804,
        "ci_wilson": [
          0.25173936505814554,
          0.48608326732600293
        ],
        "hits": 22,
        "n": 61
      }
    }
  },
  "G4_no_regression": {
    "pass": false,
    "bm25_recall@1": 0.37270642201834864,
    "cascade_recall@1": 0.12155963302752294
  }
}